,Año,Trimestre,Provincia,Accesos por cada 100 hogares,Date
0,2022,3,Buenos Aires,"78,11",1/9/2022
1,2022,3,Capital Federal,"122,28",1/9/2022
2,2022,3,Catamarca,"65,33",1/9/2022
3,2022,3,Chaco,"43,86",1/9/2022
4,2022,3,Chubut,"84,38",1/9/2022
5,2022,3,Córdoba,"88,31",1/9/2022
6,2022,3,Corrientes,"48,21",1/9/2022
7,2022,3,Entre Ríos,"63,67",1/9/2022
8,2022,3,Formosa,"43,76",1/9/2022
9,2022,3,Jujuy,"58,91",1/9/2022
10,2022,3,La Pampa,"96,59",1/9/2022
11,2022,3,La Rioja,"80,66",1/9/2022
12,2022,3,Mendoza,"51,03",1/9/2022
13,2022,3,Misiones,"51,82",1/9/2022
14,2022,3,Neuquén,"80,37",1/9/2022
15,2022,3,Río Negro,"67,98",1/9/2022
16,2022,3,Salta,"57,76",1/9/2022
17,2022,3,San Juan,"50,8",1/9/2022
18,2022,3,San Luis,"81,74",1/9/2022
19,2022,3,Santa Cruz,"43,19",1/9/2022
20,2022,3,Santa Fe,"78,55",1/9/2022
21,2022,3,Santiago Del Estero,"47,98",1/9/2022
22,2022,3,Tierra Del Fuego,"99,51",1/9/2022
23,2022,3,Tucumán,"61,14",1/9/2022
24,2022,2,Buenos Aires,"77,58",1/6/2022
25,2022,2,Capital Federal,"121,31",1/6/2022
26,2022,2,Catamarca,"62,4",1/6/2022
27,2022,2,Chaco,"43,79",1/6/2022
28,2022,2,Chubut,"83,19",1/6/2022
29,2022,2,Córdoba,"87,48",1/6/2022
30,2022,2,Corrientes,"48,35",1/6/2022
31,2022,2,Entre Ríos,"63,9",1/6/2022
32,2022,2,Formosa,"43,42",1/6/2022
33,2022,2,Jujuy,"57,32",1/6/2022
34,2022,2,La Pampa,"92,98",1/6/2022
35,2022,2,La Rioja,"80,14",1/6/2022
36,2022,2,Mendoza,"49,39",1/6/2022
37,2022,2,Misiones,51,1/6/2022
38,2022,2,Neuquén,"80,02",1/6/2022
39,2022,2,Río Negro,"67,85",1/6/2022
40,2022,2,Salta,"57,54",1/6/2022
41,2022,2,San Juan,"49,46",1/6/2022
42,2022,2,San Luis,"81,76",1/6/2022
43,2022,2,Santa Cruz,"43,15",1/6/2022
44,2022,2,Santa Fe,"77,9",1/6/2022
45,2022,2,Santiago Del Estero,"47,7",1/6/2022
46,2022,2,Tierra Del Fuego,"99,86",1/6/2022
47,2022,2,Tucumán,"59,31",1/6/2022
48,2022,1,Buenos Aires,"76,08",1/1/2022
49,2022,1,Capital Federal,"111,8",1/1/2022
50,2022,1,Catamarca,"58,21",1/1/2022
51,2022,1,Chaco,"44,06",1/1/2022
52,2022,1,Chubut,"88,05",1/1/2022
53,2022,1,Córdoba,"85,76",1/1/2022
54,2022,1,Corrientes,"47,64",1/1/2022
55,2022,1,Entre Ríos,"63,7",1/1/2022
56,2022,1,Formosa,"34,96",1/1/2022
57,2022,1,Jujuy,"58,06",1/1/2022
58,2022,1,La Pampa,"91,66",1/1/2022
59,2022,1,La Rioja,"78,77",1/1/2022
60,2022,1,Mendoza,"48,74",1/1/2022
61,2022,1,Misiones,"49,04",1/1/2022
62,2022,1,Neuquén,"74,17",1/1/2022
63,2022,1,Río Negro,"67,04",1/1/2022
64,2022,1,Salta,"56,11",1/1/2022
65,2022,1,San Juan,"43,55",1/1/2022
66,2022,1,San Luis,"80,72",1/1/2022
67,2022,1,Santa Cruz,"43,34",1/1/2022
68,2022,1,Santa Fe,"77,3",1/1/2022
69,2022,1,Santiago Del Estero,"47,17",1/1/2022
70,2022,1,Tierra Del Fuego,"98,29",1/1/2022
71,2022,1,Tucumán,"57,39",1/1/2022
72,2021,4,Buenos Aires,"75,66",1/12/2021
73,2021,4,Capital Federal,"111,27",1/12/2021
74,2021,4,Catamarca,"55,25",1/12/2021
75,2021,4,Chaco,"44,05",1/12/2021
76,2021,4,Chubut,"82,57",1/12/2021
77,2021,4,Córdoba,"84,51",1/12/2021
78,2021,4,Corrientes,"45,51",1/12/2021
79,2021,4,Entre Ríos,"63,16",1/12/2021
80,2021,4,Formosa,"34,45",1/12/2021
81,2021,4,Jujuy,"56,92",1/12/2021
82,2021,4,La Pampa,"89,57",1/12/2021
83,2021,4,La Rioja,"77,92",1/12/2021
84,2021,4,Mendoza,"47,51",1/12/2021
85,2021,4,Misiones,"49,06",1/12/2021
86,2021,4,Neuquén,"73,3",1/12/2021
87,2021,4,Río Negro,"65,69",1/12/2021
88,2021,4,Salta,"56,81",1/12/2021
89,2021,4,San Juan,"39,59",1/12/2021
90,2021,4,San Luis,"80,3",1/12/2021
91,2021,4,Santa Cruz,"43,05",1/12/2021
92,2021,4,Santa Fe,"77,09",1/12/2021
93,2021,4,Santiago Del Estero,"47,05",1/12/2021
94,2021,4,Tierra Del Fuego,"98,4",1/12/2021
95,2021,4,Tucumán,"55,93",1/12/2021
96,2021,3,Buenos Aires,"71,68",1/9/2021
97,2021,3,Capital Federal,"111,27",1/9/2021
98,2021,3,Catamarca,"52,71",1/9/2021
99,2021,3,Chaco,"42,96",1/9/2021
100,2021,3,Chubut,"80,71",1/9/2021
101,2021,3,Córdoba,"81,28",1/9/2021
102,2021,3,Corrientes,"44,9",1/9/2021
103,2021,3,Entre Ríos,"62,18",1/9/2021
104,2021,3,Formosa,"33,96",1/9/2021
105,2021,3,Jujuy,"55,69",1/9/2021
106,2021,3,La Pampa,"84,28",1/9/2021
107,2021,3,La Rioja,"77,26",1/9/2021
108,2021,3,Mendoza,"45,55",1/9/2021
109,2021,3,Misiones,"45,57",1/9/2021
110,2021,3,Neuquén,"69,71",1/9/2021
111,2021,3,Río Negro,"61,97",1/9/2021
112,2021,3,Salta,"55,96",1/9/2021
113,2021,3,San Juan,"39,46",1/9/2021
114,2021,3,San Luis,"79,87",1/9/2021
115,2021,3,Santa Cruz,"43,75",1/9/2021
116,2021,3,Santa Fe,"75,02",1/9/2021
117,2021,3,Santiago Del Estero,47,1/9/2021
118,2021,3,Tierra Del Fuego,"94,95",1/9/2021
119,2021,3,Tucumán,"54,64",1/9/2021
120,2021,2,Buenos Aires,70,1/6/2021
121,2021,2,Capital Federal,"110,14",1/6/2021
122,2021,2,Catamarca,"52,34",1/6/2021
123,2021,2,Chaco,"43,33",1/6/2021
124,2021,2,Chubut,"72,29",1/6/2021
125,2021,2,Córdoba,"80,12",1/6/2021
126,2021,2,Corrientes,"43,54",1/6/2021
127,2021,2,Entre Ríos,"61,66",1/6/2021
128,2021,2,Formosa,"33,23",1/6/2021
129,2021,2,Jujuy,"56,18",1/6/2021
130,2021,2,La Pampa,"82,08",1/6/2021
131,2021,2,La Rioja,"76,98",1/6/2021
132,2021,2,Mendoza,"40,97",1/6/2021
133,2021,2,Misiones,"45,01",1/6/2021
134,2021,2,Neuquén,"69,14",1/6/2021
135,2021,2,Río Negro,"61,94",1/6/2021
136,2021,2,Salta,"54,93",1/6/2021
137,2021,2,San Juan,"39,28",1/6/2021
138,2021,2,San Luis,"83,48",1/6/2021
139,2021,2,Santa Cruz,"44,01",1/6/2021
140,2021,2,Santa Fe,"75,07",1/6/2021
141,2021,2,Santiago Del Estero,"46,56",1/6/2021
142,2021,2,Tierra Del Fuego,"67,89",1/6/2021
143,2021,2,Tucumán,"54,93",1/6/2021
144,2021,1,Buenos Aires,"69,11",1/3/2021
145,2021,1,Capital Federal,"108,42",1/3/2021
146,2021,1,Catamarca,"48,9",1/3/2021
147,2021,1,Chaco,"43,14",1/3/2021
148,2021,1,Chubut,"68,99",1/3/2021
149,2021,1,Córdoba,"78,59",1/3/2021
150,2021,1,Corrientes,"42,66",1/3/2021
151,2021,1,Entre Ríos,"60,44",1/3/2021
152,2021,1,Formosa,"32,73",1/3/2021
153,2021,1,Jujuy,"55,63",1/3/2021
154,2021,1,La Pampa,"81,78",1/3/2021
155,2021,1,La Rioja,"49,81",1/3/2021
156,2021,1,Mendoza,"39,15",1/3/2021
157,2021,1,Misiones,"43,17",1/3/2021
158,2021,1,Neuquén,"66,84",1/3/2021
159,2021,1,Río Negro,"60,88",1/3/2021
160,2021,1,Salta,"53,93",1/3/2021
161,2021,1,San Juan,"39,06",1/3/2021
162,2021,1,San Luis,"81,24",1/3/2021
163,2021,1,Santa Cruz,"41,65",1/3/2021
164,2021,1,Santa Fe,"73,92",1/3/2021
165,2021,1,Santiago Del Estero,"45,67",1/3/2021
166,2021,1,Tierra Del Fuego,"77,35",1/3/2021
167,2021,1,Tucumán,"54,82",1/3/2021
168,2020,4,Buenos Aires,"68,98",1/12/2020
169,2020,4,Capital Federal,"108,31",1/12/2020
170,2020,4,Catamarca,"49,41",1/12/2020
171,2020,4,Chaco,"43,03",1/12/2020
172,2020,4,Chubut,"68,35",1/12/2020
173,2020,4,Córdoba,"78,08",1/12/2020
174,2020,4,Corrientes,"42,43",1/12/2020
175,2020,4,Entre Ríos,"59,47",1/12/2020
176,2020,4,Formosa,"32,49",1/12/2020
177,2020,4,Jujuy,"53,46",1/12/2020
178,2020,4,La Pampa,"81,77",1/12/2020
179,2020,4,La Rioja,"50,11",1/12/2020
180,2020,4,Mendoza,"38,63",1/12/2020
181,2020,4,Misiones,"42,64",1/12/2020
182,2020,4,Neuquén,67,1/12/2020
183,2020,4,Río Negro,"61,09",1/12/2020
184,2020,4,Salta,"54,04",1/12/2020
185,2020,4,San Juan,"36,32",1/12/2020
186,2020,4,San Luis,"81,68",1/12/2020
187,2020,4,Santa Cruz,37,1/12/2020
188,2020,4,Santa Fe,"73,58",1/12/2020
189,2020,4,Santiago Del Estero,"43,75",1/12/2020
190,2020,4,Tierra Del Fuego,"76,27",1/12/2020
191,2020,4,Tucumán,"54,78",1/12/2020
192,2020,3,Buenos Aires,"67,66",1/9/2020
193,2020,3,Capital Federal,"107,68",1/9/2020
194,2020,3,Catamarca,"47,16",1/9/2020
195,2020,3,Chaco,"41,54",1/9/2020
196,2020,3,Chubut,"68,34",1/9/2020
197,2020,3,Córdoba,"75,22",1/9/2020
198,2020,3,Corrientes,"41,75",1/9/2020
199,2020,3,Entre Ríos,"58,19",1/9/2020
200,2020,3,Formosa,"31,91",1/9/2020
201,2020,3,Jujuy,"54,04",1/9/2020
202,2020,3,La Pampa,"79,26",1/9/2020
203,2020,3,La Rioja,"50,12",1/9/2020
204,2020,3,Mendoza,"37,35",1/9/2020
205,2020,3,Misiones,"41,6",1/9/2020
206,2020,3,Neuquén,"65,24",1/9/2020
207,2020,3,Río Negro,"57,05",1/9/2020
208,2020,3,Salta,"52,32",1/9/2020
209,2020,3,San Juan,"38,79",1/9/2020
210,2020,3,San Luis,"79,96",1/9/2020
211,2020,3,Santa Cruz,"35,95",1/9/2020
212,2020,3,Santa Fe,"72,12",1/9/2020
213,2020,3,Santiago Del Estero,"43,38",1/9/2020
214,2020,3,Tierra Del Fuego,"76,81",1/9/2020
215,2020,3,Tucumán,"53,23",1/9/2020
216,2020,2,Buenos Aires,"65,22",1/6/2020
217,2020,2,Capital Federal,"106,41",1/6/2020
218,2020,2,Catamarca,"45,43",1/6/2020
219,2020,2,Chaco,"39,83",1/6/2020
220,2020,2,Chubut,"57,34",1/6/2020
221,2020,2,Córdoba,"72,71",1/6/2020
222,2020,2,Corrientes,"40,3",1/6/2020
223,2020,2,Entre Ríos,"56,54",1/6/2020
224,2020,2,Formosa,"31,14",1/6/2020
225,2020,2,Jujuy,"47,89",1/6/2020
226,2020,2,La Pampa,"76,1",1/6/2020
227,2020,2,La Rioja,"49,84",1/6/2020
228,2020,2,Mendoza,"36,25",1/6/2020
229,2020,2,Misiones,"40,89",1/6/2020
230,2020,2,Neuquén,"63,9",1/6/2020
231,2020,2,Río Negro,"56,37",1/6/2020
232,2020,2,Salta,"51,58",1/6/2020
233,2020,2,San Juan,"35,09",1/6/2020
234,2020,2,San Luis,"78,41",1/6/2020
235,2020,2,Santa Cruz,"35,79",1/6/2020
236,2020,2,Santa Fe,70,1/6/2020
237,2020,2,Santiago Del Estero,"43,47",1/6/2020
238,2020,2,Tierra Del Fuego,"76,37",1/6/2020
239,2020,2,Tucumán,"51,78",1/6/2020
240,2020,1,Buenos Aires,"64,33",1/3/2020
241,2020,1,Capital Federal,"105,98",1/3/2020
242,2020,1,Catamarca,"37,62",1/3/2020
243,2020,1,Chaco,"37,48",1/3/2020
244,2020,1,Chubut,"51,27",1/3/2020
245,2020,1,Córdoba,"70,69",1/3/2020
246,2020,1,Corrientes,"38,73",1/3/2020
247,2020,1,Entre Ríos,"56,12",1/3/2020
248,2020,1,Formosa,"30,23",1/3/2020
249,2020,1,Jujuy,"46,67",1/3/2020
250,2020,1,La Pampa,"75,77",1/3/2020
251,2020,1,La Rioja,"46,35",1/3/2020
252,2020,1,Mendoza,"33,14",1/3/2020
253,2020,1,Misiones,"39,02",1/3/2020
254,2020,1,Neuquén,"61,85",1/3/2020
255,2020,1,Río Negro,"55,12",1/3/2020
256,2020,1,Salta,"49,6",1/3/2020
257,2020,1,San Juan,"32,39",1/3/2020
258,2020,1,San Luis,"76,31",1/3/2020
259,2020,1,Santa Cruz,"35,97",1/3/2020
260,2020,1,Santa Fe,"69,52",1/3/2020
261,2020,1,Santiago Del Estero,"42,47",1/3/2020
262,2020,1,Tierra Del Fuego,"76,07",1/3/2020
263,2020,1,Tucumán,"47,85",1/3/2020
264,2019,4,Buenos Aires,"64,25",1/12/2019
265,2019,4,Capital Federal,"106,25",1/12/2019
266,2019,4,Catamarca,"36,44",1/12/2019
267,2019,4,Chaco,"36,84",1/12/2019
268,2019,4,Chubut,"51,15",1/12/2019
269,2019,4,Córdoba,"70,48",1/12/2019
270,2019,4,Corrientes,"38,77",1/12/2019
271,2019,4,Entre Ríos,"57,99",1/12/2019
272,2019,4,Formosa,"30,47",1/12/2019
273,2019,4,Jujuy,"45,38",1/12/2019
274,2019,4,La Pampa,"76,92",1/12/2019
275,2019,4,La Rioja,"47,14",1/12/2019
276,2019,4,Mendoza,"33,65",1/12/2019
277,2019,4,Misiones,"39,79",1/12/2019
278,2019,4,Neuquén,"59,36",1/12/2019
279,2019,4,Río Negro,"55,71",1/12/2019
280,2019,4,Salta,"50,35",1/12/2019
281,2019,4,San Juan,"32,85",1/12/2019
282,2019,4,San Luis,"74,92",1/12/2019
283,2019,4,Santa Cruz,"36,71",1/12/2019
284,2019,4,Santa Fe,"69,48",1/12/2019
285,2019,4,Santiago Del Estero,"42,92",1/12/2019
286,2019,4,Tierra Del Fuego,"79,7",1/12/2019
287,2019,4,Tucumán,"47,65",1/12/2019
288,2019,3,Buenos Aires,"69,36",1/9/2019
289,2019,3,Capital Federal,"112,65",1/9/2019
290,2019,3,Catamarca,"30,88",1/9/2019
291,2019,3,Chaco,"35,85",1/9/2019
292,2019,3,Chubut,"47,57",1/9/2019
293,2019,3,Córdoba,"68,59",1/9/2019
294,2019,3,Corrientes,"38,49",1/9/2019
295,2019,3,Entre Ríos,"57,9",1/9/2019
296,2019,3,Formosa,"30,11",1/9/2019
297,2019,3,Jujuy,"44,32",1/9/2019
298,2019,3,La Pampa,"77,45",1/9/2019
299,2019,3,La Rioja,"47,94",1/9/2019
300,2019,3,Mendoza,"40,74",1/9/2019
301,2019,3,Misiones,"39,33",1/9/2019
302,2019,3,Neuquén,"64,14",1/9/2019
303,2019,3,Río Negro,"63,42",1/9/2019
304,2019,3,Salta,"44,48",1/9/2019
305,2019,3,San Juan,"37,06",1/9/2019
306,2019,3,San Luis,"85,23",1/9/2019
307,2019,3,Santa Cruz,"35,63",1/9/2019
308,2019,3,Santa Fe,"68,87",1/9/2019
309,2019,3,Santiago Del Estero,"55,3",1/9/2019
310,2019,3,Tierra Del Fuego,"96,46",1/9/2019
311,2019,3,Tucumán,"39,49",1/9/2019
312,2019,2,Buenos Aires,"67,85",1/6/2019
313,2019,2,Capital Federal,"110,55",1/6/2019
314,2019,2,Catamarca,"32,13",1/6/2019
315,2019,2,Chaco,"34,14",1/6/2019
316,2019,2,Chubut,"46,99",1/6/2019
317,2019,2,Córdoba,"68,07",1/6/2019
318,2019,2,Corrientes,"38,16",1/6/2019
319,2019,2,Entre Ríos,"57,48",1/6/2019
320,2019,2,Formosa,"30,42",1/6/2019
321,2019,2,Jujuy,"44,51",1/6/2019
322,2019,2,La Pampa,"77,08",1/6/2019
323,2019,2,La Rioja,"48,7",1/6/2019
324,2019,2,Mendoza,"40,75",1/6/2019
325,2019,2,Misiones,"39,15",1/6/2019
326,2019,2,Neuquén,"63,08",1/6/2019
327,2019,2,Río Negro,"61,09",1/6/2019
328,2019,2,Salta,"41,89",1/6/2019
329,2019,2,San Juan,"35,6",1/6/2019
330,2019,2,San Luis,"81,79",1/6/2019
331,2019,2,Santa Cruz,"28,85",1/6/2019
332,2019,2,Santa Fe,"67,42",1/6/2019
333,2019,2,Santiago Del Estero,"52,79",1/6/2019
334,2019,2,Tierra Del Fuego,"94,8",1/6/2019
335,2019,2,Tucumán,"40,14",1/6/2019
336,2019,1,Buenos Aires,"66,24",1/3/2019
337,2019,1,Capital Federal,"109,2",1/3/2019
338,2019,1,Catamarca,"32,19",1/3/2019
339,2019,1,Chaco,"32,64",1/3/2019
340,2019,1,Chubut,43,1/3/2019
341,2019,1,Córdoba,"65,52",1/3/2019
342,2019,1,Corrientes,"35,13",1/3/2019
343,2019,1,Entre Ríos,"56,79",1/3/2019
344,2019,1,Formosa,"29,68",1/3/2019
345,2019,1,Jujuy,"46,41",1/3/2019
346,2019,1,La Pampa,"76,35",1/3/2019
347,2019,1,La Rioja,"50,18",1/3/2019
348,2019,1,Mendoza,"37,66",1/3/2019
349,2019,1,Misiones,"36,26",1/3/2019
350,2019,1,Neuquén,"58,88",1/3/2019
351,2019,1,Río Negro,"53,57",1/3/2019
352,2019,1,Salta,"40,1",1/3/2019
353,2019,1,San Juan,"31,83",1/3/2019
354,2019,1,San Luis,"67,34",1/3/2019
355,2019,1,Santa Cruz,"23,67",1/3/2019
356,2019,1,Santa Fe,"66,97",1/3/2019
357,2019,1,Santiago Del Estero,"37,52",1/3/2019
358,2019,1,Tierra Del Fuego,"93,38",1/3/2019
359,2019,1,Tucumán,"41,63",1/3/2019
360,2018,4,Buenos Aires,"64,6",1/12/2018
361,2018,4,Capital Federal,"108,27",1/12/2018
362,2018,4,Catamarca,"32,23",1/12/2018
363,2018,4,Chaco,"32,59",1/12/2018
364,2018,4,Chubut,"42,61",1/12/2018
365,2018,4,Córdoba,"65,09",1/12/2018
366,2018,4,Corrientes,"34,57",1/12/2018
367,2018,4,Entre Ríos,"54,37",1/12/2018
368,2018,4,Formosa,"29,74",1/12/2018
369,2018,4,Jujuy,"46,53",1/12/2018
370,2018,4,La Pampa,"73,49",1/12/2018
371,2018,4,La Rioja,"50,35",1/12/2018
372,2018,4,Mendoza,"37,76",1/12/2018
373,2018,4,Misiones,"34,45",1/12/2018
374,2018,4,Neuquén,"59,07",1/12/2018
375,2018,4,Río Negro,"51,86",1/12/2018
376,2018,4,Salta,"39,8",1/12/2018
377,2018,4,San Juan,"31,9",1/12/2018
378,2018,4,San Luis,"67,55",1/12/2018
379,2018,4,Santa Cruz,"23,69",1/12/2018
380,2018,4,Santa Fe,"65,59",1/12/2018
381,2018,4,Santiago Del Estero,"37,4",1/12/2018
382,2018,4,Tierra Del Fuego,"93,59",1/12/2018
383,2018,4,Tucumán,"41,76",1/12/2018
384,2018,3,Buenos Aires,"64,44",1/9/2018
385,2018,3,Capital Federal,"108,45",1/9/2018
386,2018,3,Catamarca,"32,92",1/9/2018
387,2018,3,Chaco,"32,28",1/9/2018
388,2018,3,Chubut,"56,39",1/9/2018
389,2018,3,Córdoba,"64,24",1/9/2018
390,2018,3,Corrientes,"34,25",1/9/2018
391,2018,3,Entre Ríos,"50,22",1/9/2018
392,2018,3,Formosa,"29,58",1/9/2018
393,2018,3,Jujuy,"23,26",1/9/2018
394,2018,3,La Pampa,"71,75",1/9/2018
395,2018,3,La Rioja,"50,73",1/9/2018
396,2018,3,Mendoza,"37,99",1/9/2018
397,2018,3,Misiones,"32,1",1/9/2018
398,2018,3,Neuquén,"60,49",1/9/2018
399,2018,3,Río Negro,"50,54",1/9/2018
400,2018,3,Salta,"39,43",1/9/2018
401,2018,3,San Juan,"33,05",1/9/2018
402,2018,3,San Luis,"52,35",1/9/2018
403,2018,3,Santa Cruz,"32,73",1/9/2018
404,2018,3,Santa Fe,"63,41",1/9/2018
405,2018,3,Santiago Del Estero,"36,25",1/9/2018
406,2018,3,Tierra Del Fuego,"92,77",1/9/2018
407,2018,3,Tucumán,"41,68",1/9/2018
408,2018,2,Buenos Aires,"62,78",1/6/2018
409,2018,2,Capital Federal,"106,53",1/6/2018
410,2018,2,Catamarca,"32,86",1/6/2018
411,2018,2,Chaco,"31,25",1/6/2018
412,2018,2,Chubut,"54,9",1/6/2018
413,2018,2,Córdoba,"63,27",1/6/2018
414,2018,2,Corrientes,"33,81",1/6/2018
415,2018,2,Entre Ríos,"49,2",1/6/2018
416,2018,2,Formosa,"29,43",1/6/2018
417,2018,2,Jujuy,"23,43",1/6/2018
418,2018,2,La Pampa,"71,04",1/6/2018
419,2018,2,La Rioja,"50,98",1/6/2018
420,2018,2,Mendoza,"36,97",1/6/2018
421,2018,2,Misiones,"31,63",1/6/2018
422,2018,2,Neuquén,"60,24",1/6/2018
423,2018,2,Río Negro,"50,15",1/6/2018
424,2018,2,Salta,"39,94",1/6/2018
425,2018,2,San Juan,"32,95",1/6/2018
426,2018,2,San Luis,"15,15",1/6/2018
427,2018,2,Santa Cruz,"33,33",1/6/2018
428,2018,2,Santa Fe,"62,57",1/6/2018
429,2018,2,Santiago Del Estero,"35,26",1/6/2018
430,2018,2,Tierra Del Fuego,"91,61",1/6/2018
431,2018,2,Tucumán,"41,51",1/6/2018
432,2018,1,Buenos Aires,"62,63",1/3/2018
433,2018,1,Capital Federal,"106,24",1/3/2018
434,2018,1,Catamarca,"32,79",1/3/2018
435,2018,1,Chaco,"30,83",1/3/2018
436,2018,1,Chubut,"53,72",1/3/2018
437,2018,1,Córdoba,"63,52",1/3/2018
438,2018,1,Corrientes,"32,66",1/3/2018
439,2018,1,Entre Ríos,"48,68",1/3/2018
440,2018,1,Formosa,"21,4",1/3/2018
441,2018,1,Jujuy,"23,12",1/3/2018
442,2018,1,La Pampa,"71,75",1/3/2018
443,2018,1,La Rioja,"51,44",1/3/2018
444,2018,1,Mendoza,"37,07",1/3/2018
445,2018,1,Misiones,"30,96",1/3/2018
446,2018,1,Neuquén,"61,52",1/3/2018
447,2018,1,Río Negro,"49,82",1/3/2018
448,2018,1,Salta,"39,78",1/3/2018
449,2018,1,San Juan,"32,61",1/3/2018
450,2018,1,San Luis,"15,15",1/3/2018
451,2018,1,Santa Cruz,"33,55",1/3/2018
452,2018,1,Santa Fe,"62,28",1/3/2018
453,2018,1,Santiago Del Estero,"34,99",1/3/2018
454,2018,1,Tierra Del Fuego,"65,2",1/3/2018
455,2018,1,Tucumán,"41,18",1/3/2018
456,2017,4,Buenos Aires,"57,61",1/12/2017
457,2017,4,Capital Federal,"122,9",1/12/2017
458,2017,4,Catamarca,"28,62",1/12/2017
459,2017,4,Chaco,"30,81",1/12/2017
460,2017,4,Chubut,"51,46",1/12/2017
461,2017,4,Córdoba,"63,33",1/12/2017
462,2017,4,Corrientes,"32,52",1/12/2017
463,2017,4,Entre Ríos,"47,89",1/12/2017
464,2017,4,Formosa,"21,27",1/12/2017
465,2017,4,Jujuy,"22,74",1/12/2017
466,2017,4,La Pampa,"71,05",1/12/2017
467,2017,4,La Rioja,"51,57",1/12/2017
468,2017,4,Mendoza,"33,33",1/12/2017
469,2017,4,Misiones,"31,14",1/12/2017
470,2017,4,Neuquén,"61,24",1/12/2017
471,2017,4,Río Negro,"49,38",1/12/2017
472,2017,4,Salta,"39,8",1/12/2017
473,2017,4,San Juan,"30,3",1/12/2017
474,2017,4,San Luis,"10,59",1/12/2017
475,2017,4,Santa Cruz,"28,91",1/12/2017
476,2017,4,Santa Fe,"61,71",1/12/2017
477,2017,4,Santiago Del Estero,"29,13",1/12/2017
478,2017,4,Tierra Del Fuego,"59,89",1/12/2017
479,2017,4,Tucumán,"39,9",1/12/2017
480,2017,3,Buenos Aires,"55,63",1/9/2017
481,2017,3,Capital Federal,"121,86",1/9/2017
482,2017,3,Catamarca,"32,49",1/9/2017
483,2017,3,Chaco,"29,98",1/9/2017
484,2017,3,Chubut,"46,22",1/9/2017
485,2017,3,Córdoba,"62,31",1/9/2017
486,2017,3,Corrientes,"32,17",1/9/2017
487,2017,3,Entre Ríos,"45,96",1/9/2017
488,2017,3,Formosa,"21,35",1/9/2017
489,2017,3,Jujuy,"22,65",1/9/2017
490,2017,3,La Pampa,"69,14",1/9/2017
491,2017,3,La Rioja,"51,47",1/9/2017
492,2017,3,Mendoza,"35,7",1/9/2017
493,2017,3,Misiones,"30,21",1/9/2017
494,2017,3,Neuquén,"60,83",1/9/2017
495,2017,3,Río Negro,"48,52",1/9/2017
496,2017,3,Salta,"39,84",1/9/2017
497,2017,3,San Juan,"32,37",1/9/2017
498,2017,3,San Luis,"15,48",1/9/2017
499,2017,3,Santa Cruz,"33,29",1/9/2017
500,2017,3,Santa Fe,"60,91",1/9/2017
501,2017,3,Santiago Del Estero,"35,12",1/9/2017
502,2017,3,Tierra Del Fuego,"65,74",1/9/2017
503,2017,3,Tucumán,"39,7",1/9/2017
504,2017,2,Buenos Aires,"56,27",1/6/2017
505,2017,2,Capital Federal,"124,06",1/6/2017
506,2017,2,Catamarca,"25,98",1/6/2017
507,2017,2,Chaco,"29,05",1/6/2017
508,2017,2,Chubut,"35,55",1/6/2017
509,2017,2,Córdoba,"58,97",1/6/2017
510,2017,2,Corrientes,"31,39",1/6/2017
511,2017,2,Entre Ríos,"45,39",1/6/2017
512,2017,2,Formosa,"19,97",1/6/2017
513,2017,2,Jujuy,"22,4",1/6/2017
514,2017,2,La Pampa,"63,49",1/6/2017
515,2017,2,La Rioja,"16,2",1/6/2017
516,2017,2,Mendoza,"31,76",1/6/2017
517,2017,2,Misiones,"30,09",1/6/2017
518,2017,2,Neuquén,"61,91",1/6/2017
519,2017,2,Río Negro,"46,02",1/6/2017
520,2017,2,Salta,"32,74",1/6/2017
521,2017,2,San Juan,"26,96",1/6/2017
522,2017,2,San Luis,"9,51",1/6/2017
523,2017,2,Santa Cruz,"26,25",1/6/2017
524,2017,2,Santa Fe,"52,27",1/6/2017
525,2017,2,Santiago Del Estero,"14,12",1/6/2017
526,2017,2,Tierra Del Fuego,"68,46",1/6/2017
527,2017,2,Tucumán,"38,19",1/6/2017
528,2017,1,Buenos Aires,"58,57",1/3/2017
529,2017,1,Capital Federal,"108,37",1/3/2017
530,2017,1,Catamarca,"25,66",1/3/2017
531,2017,1,Chaco,"28,62",1/3/2017
532,2017,1,Chubut,"35,66",1/3/2017
533,2017,1,Córdoba,"57,65",1/3/2017
534,2017,1,Corrientes,"30,94",1/3/2017
535,2017,1,Entre Ríos,"44,91",1/3/2017
536,2017,1,Formosa,"19,84",1/3/2017
537,2017,1,Jujuy,"22,76",1/3/2017
538,2017,1,La Pampa,"62,67",1/3/2017
539,2017,1,La Rioja,"16,2",1/3/2017
540,2017,1,Mendoza,"31,84",1/3/2017
541,2017,1,Misiones,"29,52",1/3/2017
542,2017,1,Neuquén,"61,02",1/3/2017
543,2017,1,Río Negro,"46,03",1/3/2017
544,2017,1,Salta,"32,58",1/3/2017
545,2017,1,San Juan,"27,04",1/3/2017
546,2017,1,San Luis,"9,55",1/3/2017
547,2017,1,Santa Cruz,"26,52",1/3/2017
548,2017,1,Santa Fe,"51,97",1/3/2017
549,2017,1,Santiago Del Estero,"14,7",1/3/2017
550,2017,1,Tierra Del Fuego,"68,92",1/3/2017
551,2017,1,Tucumán,"37,9",1/3/2017
552,2016,4,Buenos Aires,"61,24",1/12/2016
553,2016,4,Capital Federal,"120,63",1/12/2016
554,2016,4,Catamarca,"26,54",1/12/2016
555,2016,4,Chaco,"28,79",1/12/2016
556,2016,4,Chubut,"36,07",1/12/2016
557,2016,4,Córdoba,"57,7",1/12/2016
558,2016,4,Corrientes,"30,98",1/12/2016
559,2016,4,Entre Ríos,"45,21",1/12/2016
560,2016,4,Formosa,"19,85",1/12/2016
561,2016,4,Jujuy,"22,65",1/12/2016
562,2016,4,La Pampa,"63,02",1/12/2016
563,2016,4,La Rioja,"16,46",1/12/2016
564,2016,4,Mendoza,"32,11",1/12/2016
565,2016,4,Misiones,"29,72",1/12/2016
566,2016,4,Neuquén,"60,87",1/12/2016
567,2016,4,Río Negro,"46,39",1/12/2016
568,2016,4,Salta,"32,69",1/12/2016
569,2016,4,San Juan,"27,29",1/12/2016
570,2016,4,San Luis,"9,64",1/12/2016
571,2016,4,Santa Cruz,"27,05",1/12/2016
572,2016,4,Santa Fe,"52,19",1/12/2016
573,2016,4,Santiago Del Estero,"15,07",1/12/2016
574,2016,4,Tierra Del Fuego,"70,31",1/12/2016
575,2016,4,Tucumán,"37,98",1/12/2016
576,2016,3,Buenos Aires,"60,14",1/9/2016
577,2016,3,Capital Federal,"120,77",1/9/2016
578,2016,3,Catamarca,"26,48",1/9/2016
579,2016,3,Chaco,"28,91",1/9/2016
580,2016,3,Chubut,"36,18",1/9/2016
581,2016,3,Córdoba,"58,24",1/9/2016
582,2016,3,Corrientes,"31,07",1/9/2016
583,2016,3,Entre Ríos,"45,44",1/9/2016
584,2016,3,Formosa,"18,64",1/9/2016
585,2016,3,Jujuy,"22,61",1/9/2016
586,2016,3,La Pampa,"61,73",1/9/2016
587,2016,3,La Rioja,"17,07",1/9/2016
588,2016,3,Mendoza,"32,09",1/9/2016
589,2016,3,Misiones,"29,91",1/9/2016
590,2016,3,Neuquén,"60,21",1/9/2016
591,2016,3,Río Negro,"46,39",1/9/2016
592,2016,3,Salta,"32,96",1/9/2016
593,2016,3,San Juan,"27,32",1/9/2016
594,2016,3,San Luis,"9,63",1/9/2016
595,2016,3,Santa Cruz,"26,84",1/9/2016
596,2016,3,Santa Fe,"52,67",1/9/2016
597,2016,3,Santiago Del Estero,"15,33",1/9/2016
598,2016,3,Tierra Del Fuego,"68,94",1/9/2016
599,2016,3,Tucumán,"37,9",1/9/2016
600,2016,2,Buenos Aires,"59,34",1/6/2016
601,2016,2,Capital Federal,"120,04",1/6/2016
602,2016,2,Catamarca,"26,07",1/6/2016
603,2016,2,Chaco,"28,59",1/6/2016
604,2016,2,Chubut,"36,12",1/6/2016
605,2016,2,Córdoba,"57,55",1/6/2016
606,2016,2,Corrientes,"30,58",1/6/2016
607,2016,2,Entre Ríos,"44,74",1/6/2016
608,2016,2,Formosa,"19,37",1/6/2016
609,2016,2,Jujuy,"21,89",1/6/2016
610,2016,2,La Pampa,"60,44",1/6/2016
611,2016,2,La Rioja,"16,88",1/6/2016
612,2016,2,Mendoza,"32,13",1/6/2016
613,2016,2,Misiones,"29,24",1/6/2016
614,2016,2,Neuquén,"59,1",1/6/2016
615,2016,2,Río Negro,"46,24",1/6/2016
616,2016,2,Salta,"32,08",1/6/2016
617,2016,2,San Juan,"27,34",1/6/2016
618,2016,2,San Luis,"9,6",1/6/2016
619,2016,2,Santa Cruz,"26,73",1/6/2016
620,2016,2,Santa Fe,"52,44",1/6/2016
621,2016,2,Santiago Del Estero,"15,89",1/6/2016
622,2016,2,Tierra Del Fuego,"67,72",1/6/2016
623,2016,2,Tucumán,"37,24",1/6/2016
624,2016,1,Buenos Aires,"57,34",1/3/2016
625,2016,1,Capital Federal,"115,16",1/3/2016
626,2016,1,Catamarca,"25,91",1/3/2016
627,2016,1,Chaco,"28,08",1/3/2016
628,2016,1,Chubut,"36,09",1/3/2016
629,2016,1,Córdoba,"55,28",1/3/2016
630,2016,1,Corrientes,"30,08",1/3/2016
631,2016,1,Entre Ríos,"43,85",1/3/2016
632,2016,1,Formosa,"19,04",1/3/2016
633,2016,1,Jujuy,"21,41",1/3/2016
634,2016,1,La Pampa,"57,84",1/3/2016
635,2016,1,La Rioja,"16,83",1/3/2016
636,2016,1,Mendoza,"32,12",1/3/2016
637,2016,1,Misiones,"28,37",1/3/2016
638,2016,1,Neuquén,"55,75",1/3/2016
639,2016,1,Río Negro,"45,84",1/3/2016
640,2016,1,Salta,"31,32",1/3/2016
641,2016,1,San Juan,"27,33",1/3/2016
642,2016,1,San Luis,"9,59",1/3/2016
643,2016,1,Santa Cruz,"26,87",1/3/2016
644,2016,1,Santa Fe,"51,28",1/3/2016
645,2016,1,Santiago Del Estero,"16,21",1/3/2016
646,2016,1,Tierra Del Fuego,"65,83",1/3/2016
647,2016,1,Tucumán,"36,72",1/3/2016
648,2015,4,Buenos Aires,"58,29",1/12/2015
649,2015,4,Capital Federal,"118,13",1/12/2015
650,2015,4,Catamarca,"26,24",1/12/2015
651,2015,4,Chaco,"28,35",1/12/2015
652,2015,4,Chubut,"36,89",1/12/2015
653,2015,4,Córdoba,"57,36",1/12/2015
654,2015,4,Corrientes,"30,34",1/12/2015
655,2015,4,Entre Ríos,"44,11",1/12/2015
656,2015,4,Formosa,"19,07",1/12/2015
657,2015,4,Jujuy,"21,47",1/12/2015
658,2015,4,La Pampa,"58,76",1/12/2015
659,2015,4,La Rioja,"17,32",1/12/2015
660,2015,4,Mendoza,"32,49",1/12/2015
661,2015,4,Misiones,"28,69",1/12/2015
662,2015,4,Neuquén,"58,29",1/12/2015
663,2015,4,Río Negro,"46,44",1/12/2015
664,2015,4,Salta,"31,59",1/12/2015
665,2015,4,San Juan,"27,66",1/12/2015
666,2015,4,San Luis,"9,71",1/12/2015
667,2015,4,Santa Cruz,"27,74",1/12/2015
668,2015,4,Santa Fe,"52,61",1/12/2015
669,2015,4,Santiago Del Estero,17,1/12/2015
670,2015,4,Tierra Del Fuego,"66,46",1/12/2015
671,2015,4,Tucumán,"37,06",1/12/2015
672,2015,3,Buenos Aires,"57,69",1/9/2015
673,2015,3,Capital Federal,"118,29",1/9/2015
674,2015,3,Catamarca,"25,86",1/9/2015
675,2015,3,Chaco,"27,96",1/9/2015
676,2015,3,Chubut,"36,81",1/9/2015
677,2015,3,Córdoba,"57,08",1/9/2015
678,2015,3,Corrientes,"30,17",1/9/2015
679,2015,3,Entre Ríos,"43,68",1/9/2015
680,2015,3,Formosa,"18,84",1/9/2015
681,2015,3,Jujuy,"21,27",1/9/2015
682,2015,3,La Pampa,"57,96",1/9/2015
683,2015,3,La Rioja,"17,15",1/9/2015
684,2015,3,Mendoza,"32,49",1/9/2015
685,2015,3,Misiones,"28,31",1/9/2015
686,2015,3,Neuquén,"54,6",1/9/2015
687,2015,3,Río Negro,"46,39",1/9/2015
688,2015,3,Salta,"31,18",1/9/2015
689,2015,3,San Juan,"27,67",1/9/2015
690,2015,3,San Luis,"9,71",1/9/2015
691,2015,3,Santa Cruz,"27,61",1/9/2015
692,2015,3,Santa Fe,"52,15",1/9/2015
693,2015,3,Santiago Del Estero,"17,12",1/9/2015
694,2015,3,Tierra Del Fuego,"74,86",1/9/2015
695,2015,3,Tucumán,"36,61",1/9/2015
696,2015,2,Buenos Aires,"56,8",1/6/2015
697,2015,2,Capital Federal,"116,07",1/6/2015
698,2015,2,Catamarca,"25,45",1/6/2015
699,2015,2,Chaco,"27,46",1/6/2015
700,2015,2,Chubut,"36,58",1/6/2015
701,2015,2,Córdoba,"55,87",1/6/2015
702,2015,2,Corrientes,"29,58",1/6/2015
703,2015,2,Entre Ríos,"42,93",1/6/2015
704,2015,2,Formosa,"18,36",1/6/2015
705,2015,2,Jujuy,"20,29",1/6/2015
706,2015,2,La Pampa,"56,71",1/6/2015
707,2015,2,La Rioja,"16,88",1/6/2015
708,2015,2,Mendoza,"32,49",1/6/2015
709,2015,2,Misiones,"27,35",1/6/2015
710,2015,2,Neuquén,"53,12",1/6/2015
711,2015,2,Río Negro,"45,98",1/6/2015
712,2015,2,Salta,"30,46",1/6/2015
713,2015,2,San Juan,"27,64",1/6/2015
714,2015,2,San Luis,"9,71",1/6/2015
715,2015,2,Santa Cruz,"27,07",1/6/2015
716,2015,2,Santa Fe,"51,18",1/6/2015
717,2015,2,Santiago Del Estero,"17,11",1/6/2015
718,2015,2,Tierra Del Fuego,"74,51",1/6/2015
719,2015,2,Tucumán,"35,69",1/6/2015
720,2015,1,Buenos Aires,"56,37",1/3/2015
721,2015,1,Capital Federal,"114,9",1/3/2015
722,2015,1,Catamarca,"25,11",1/3/2015
723,2015,1,Chaco,"26,65",1/3/2015
724,2015,1,Chubut,"37,61",1/3/2015
725,2015,1,Córdoba,"54,7",1/3/2015
726,2015,1,Corrientes,"28,95",1/3/2015
727,2015,1,Entre Ríos,"42,07",1/3/2015
728,2015,1,Formosa,"18,12",1/3/2015
729,2015,1,Jujuy,"19,69",1/3/2015
730,2015,1,La Pampa,"55,51",1/3/2015
731,2015,1,La Rioja,"16,7",1/3/2015
732,2015,1,Mendoza,"32,37",1/3/2015
733,2015,1,Misiones,"26,31",1/3/2015
734,2015,1,Neuquén,"51,95",1/3/2015
735,2015,1,Río Negro,"45,33",1/3/2015
736,2015,1,Salta,"30,01",1/3/2015
737,2015,1,San Juan,"27,55",1/3/2015
738,2015,1,San Luis,"9,72",1/3/2015
739,2015,1,Santa Cruz,"27,99",1/3/2015
740,2015,1,Santa Fe,"50,24",1/3/2015
741,2015,1,Santiago Del Estero,"17,06",1/3/2015
742,2015,1,Tierra Del Fuego,"74,23",1/3/2015
743,2015,1,Tucumán,"35,08",1/3/2015
744,2014,4,Buenos Aires,"56,09",1/12/2014
745,2014,4,Capital Federal,"114,9",1/12/2014
746,2014,4,Catamarca,"25,51",1/12/2014
747,2014,4,Chaco,"21,87",1/12/2014
748,2014,4,Chubut,"40,25",1/12/2014
749,2014,4,Córdoba,"54,7",1/12/2014
750,2014,4,Corrientes,"23,56",1/12/2014
751,2014,4,Entre Ríos,"36,03",1/12/2014
752,2014,4,Formosa,"17,96",1/12/2014
753,2014,4,Jujuy,"19,6",1/12/2014
754,2014,4,La Pampa,"51,27",1/12/2014
755,2014,4,La Rioja,"17,01",1/12/2014
756,2014,4,Mendoza,"32,64",1/12/2014
757,2014,4,Misiones,"24,16",1/12/2014
758,2014,4,Neuquén,"52,55",1/12/2014
759,2014,4,Río Negro,"45,48",1/12/2014
760,2014,4,Salta,"29,53",1/12/2014
761,2014,4,San Juan,"28,04",1/12/2014
762,2014,4,San Luis,"9,79",1/12/2014
763,2014,4,Santa Cruz,"27,8",1/12/2014
764,2014,4,Santa Fe,50,1/12/2014
765,2014,4,Santiago Del Estero,"17,27",1/12/2014
766,2014,4,Tierra Del Fuego,"66,14",1/12/2014
767,2014,4,Tucumán,"35,32",1/12/2014
768,2014,3,Buenos Aires,"56,75",1/9/2014
769,2014,3,Capital Federal,"113,8",1/9/2014
770,2014,3,Catamarca,"24,71",1/9/2014
771,2014,3,Chaco,"21,11",1/9/2014
772,2014,3,Chubut,"40,6",1/9/2014
773,2014,3,Córdoba,"54,23",1/9/2014
774,2014,3,Corrientes,"22,79",1/9/2014
775,2014,3,Entre Ríos,"34,98",1/9/2014
776,2014,3,Formosa,"17,77",1/9/2014
777,2014,3,Jujuy,"18,37",1/9/2014
778,2014,3,La Pampa,"55,78",1/9/2014
779,2014,3,La Rioja,"16,51",1/9/2014
780,2014,3,Mendoza,"32,31",1/9/2014
781,2014,3,Misiones,"23,57",1/9/2014
782,2014,3,Neuquén,"56,4",1/9/2014
783,2014,3,Río Negro,"46,2",1/9/2014
784,2014,3,Salta,"29,22",1/9/2014
785,2014,3,San Juan,"27,85",1/9/2014
786,2014,3,San Luis,"9,71",1/9/2014
787,2014,3,Santa Cruz,"28,23",1/9/2014
788,2014,3,Santa Fe,"49,2",1/9/2014
789,2014,3,Santiago Del Estero,"16,49",1/9/2014
790,2014,3,Tierra Del Fuego,"65,69",1/9/2014
791,2014,3,Tucumán,"33,94",1/9/2014
792,2014,2,Buenos Aires,"55,06",1/6/2014
793,2014,2,Capital Federal,"113,14",1/6/2014
794,2014,2,Catamarca,"24,7",1/6/2014
795,2014,2,Chaco,"20,96",1/6/2014
796,2014,2,Chubut,"41,41",1/6/2014
797,2014,2,Córdoba,"53,45",1/6/2014
798,2014,2,Corrientes,"22,58",1/6/2014
799,2014,2,Entre Ríos,"34,69",1/6/2014
800,2014,2,Formosa,"17,54",1/6/2014
801,2014,2,Jujuy,"18,71",1/6/2014
802,2014,2,La Pampa,"49,71",1/6/2014
803,2014,2,La Rioja,"16,5",1/6/2014
804,2014,2,Mendoza,"32,1",1/6/2014
805,2014,2,Misiones,"23,37",1/6/2014
806,2014,2,Neuquén,"50,84",1/6/2014
807,2014,2,Río Negro,"45,33",1/6/2014
808,2014,2,Salta,"28,91",1/6/2014
809,2014,2,San Juan,"27,78",1/6/2014
810,2014,2,San Luis,"9,72",1/6/2014
811,2014,2,Santa Cruz,"29,38",1/6/2014
812,2014,2,Santa Fe,"48,39",1/6/2014
813,2014,2,Santiago Del Estero,"16,7",1/6/2014
814,2014,2,Tierra Del Fuego,"64,36",1/6/2014
815,2014,2,Tucumán,"33,94",1/6/2014
816,2014,1,Buenos Aires,"54,57",1/3/2014
817,2014,1,Capital Federal,"112,25",1/3/2014
818,2014,1,Catamarca,"24,25",1/3/2014
819,2014,1,Chaco,"20,72",1/3/2014
820,2014,1,Chubut,"41,24",1/3/2014
821,2014,1,Córdoba,"52,52",1/3/2014
822,2014,1,Corrientes,"22,32",1/3/2014
823,2014,1,Entre Ríos,"34,37",1/3/2014
824,2014,1,Formosa,"17,42",1/3/2014
825,2014,1,Jujuy,"18,42",1/3/2014
826,2014,1,La Pampa,"48,43",1/3/2014
827,2014,1,La Rioja,"16,29",1/3/2014
828,2014,1,Mendoza,"31,91",1/3/2014
829,2014,1,Misiones,"23,14",1/3/2014
830,2014,1,Neuquén,"49,79",1/3/2014
831,2014,1,Río Negro,"44,91",1/3/2014
832,2014,1,Salta,"28,7",1/3/2014
833,2014,1,San Juan,"27,6",1/3/2014
834,2014,1,San Luis,"9,35",1/3/2014
835,2014,1,Santa Cruz,"28,94",1/3/2014
836,2014,1,Santa Fe,"47,85",1/3/2014
837,2014,1,Santiago Del Estero,"16,31",1/3/2014
838,2014,1,Tierra Del Fuego,"63,97",1/3/2014
839,2014,1,Tucumán,"33,42",1/3/2014
